id,likesCount,ownerProfilePicUrl,ownerUsername,postUrl,text,timestamp
17871403032135610,1,https://instagram.fogl4-1.fna.fbcdn.net/v/t51.2885-19/454152070_516229517646320_686313557961819438_n.jpg?stp=dst-jpg_s150x150&_nc_ht=instagram.fogl4-1.fna.fbcdn.net&_nc_cat=108&_nc_ohc=B-6-2SN2vLUQ7kNvgGJZ2HG&edm=AP_V10EBAAAA&ccb=7-5&oh=00_AYBHITNJT42E920FZhfYbidEaaHXYKNgSRw2hF-2oTFlnA&oe=66C16E16&_nc_sid=2999b8,sudhanshuuux,https://www.instagram.com/p/C9XZdh4IGV_/,@rounitmakhija911 raat koo ,2024-07-14T10:33:07.000Z
18005933627621932,0,https://instagram.fogl4-1.fna.fbcdn.net/v/t51.2885-19/447869915_972930640960440_6141535736341584668_n.jpg?stp=dst-jpg_s150x150&_nc_ht=instagram.fogl4-1.fna.fbcdn.net&_nc_cat=100&_nc_ohc=-Mcvo4sOqzwQ7kNvgFFmgLA&edm=AP_V10EBAAAA&ccb=7-5&oh=00_AYBCVIaeoh7clvhIRw-HsjOucW_5uG_Bvvl8zVuziMMEvw&oe=66C16AF8&_nc_sid=2999b8,fit_athma,https://www.instagram.com/p/C9XZdh4IGV_/,,2024-07-14T11:47:39.000Z
17870799627116320,0,https://instagram.fogl4-1.fna.fbcdn.net/v/t51.2885-19/330403882_903111934063452_9181673890816451168_n.jpg?stp=dst-jpg_s150x150&_nc_ht=instagram.fogl4-1.fna.fbcdn.net&_nc_cat=100&_nc_ohc=qNTl8x-dVzgQ7kNvgGSIN48&edm=AP_V10EBAAAA&ccb=7-5&oh=00_AYAnGIjS_Hb5ZbbI8CdgvYNmXQpDT_pYXxz8EcXvY90AWw&oe=66C160FE&_nc_sid=2999b8,luky_co_rad,https://www.instagram.com/p/C9XZdh4IGV_/,,2024-07-14T12:22:36.000Z
18044755774891831,0,https://instagram.fogl4-1.fna.fbcdn.net/v/t51.2885-19/419295062_1921462194976296_4811926527829791484_n.jpg?stp=dst-jpg_s150x150&_nc_ht=instagram.fogl4-1.fna.fbcdn.net&_nc_cat=100&_nc_ohc=3EZE9rW-qEYQ7kNvgHqy9An&edm=AP_V10EBAAAA&ccb=7-5&oh=00_AYCR0kR0S-d-Wr3f06VXFLqtpOQ3Nbg9ceWWf7bHhiMnKg&oe=66C14861&_nc_sid=2999b8,mr_shelarharshu,https://www.instagram.com/p/C9XZdh4IGV_/,Bro 99 kal hua thma na ,2024-07-14T14:35:26.000Z
18066596290568221,1,https://instagram.fogl4-1.fna.fbcdn.net/v/t51.2885-19/455150064_1326493221467015_6813321290329065653_n.jpg?stp=dst-jpg_s150x150&_nc_ht=instagram.fogl4-1.fna.fbcdn.net&_nc_cat=111&_nc_ohc=wki8-OaYQFcQ7kNvgHMGCv4&edm=AP_V10EBAAAA&ccb=7-5&oh=00_AYC61C3OYRkrZDa3rZ9wsjTnNR3NR4qGG9o-Zi4bcScC5w&oe=66C16D7B&_nc_sid=2999b8,mr_katari_007,https://www.instagram.com/p/C9XZdh4IGV_/,Workout plan bolo na bhai please ,2024-07-14T17:02:53.000Z
18241253680261593,0,https://instagram.fogl4-1.fna.fbcdn.net/v/t51.2885-19/449634443_1413734205999365_8457452927150644389_n.jpg?stp=dst-jpg_s150x150&_nc_ht=instagram.fogl4-1.fna.fbcdn.net&_nc_cat=105&_nc_ohc=1baY-iIKazoQ7kNvgF7O89D&edm=AP_V10EBAAAA&ccb=7-5&oh=00_AYD4fDxYbq_i_ePvbXsZfRKIWneTNh-m3xatOtXZO-otvg&oe=66C143A1&_nc_sid=2999b8,rahul_dhokane__,https://www.instagram.com/p/C9XZdh4IGV_/,✅️❤️✅️,2024-07-14T17:06:50.000Z
18031671437501602,0,https://instagram.fogl4-1.fna.fbcdn.net/v/t51.2885-19/451572870_1015536733411191_4032489682194742688_n.jpg?stp=dst-jpg_s150x150&_nc_ht=instagram.fogl4-1.fna.fbcdn.net&_nc_cat=103&_nc_ohc=rDjnlInwN_YQ7kNvgETM5KH&edm=AP_V10EBAAAA&ccb=7-5&oh=00_AYBcYyUW_4W8kRtUnnJPt_nFaoe4pkJocvS5ydBmFSvVeA&oe=66C16B8C&_nc_sid=2999b8,http.julio_05,https://www.instagram.com/p/C9XZdh4IGV_/,Consistency ,2024-07-14T17:59:26.000Z
18031686824504484,0,https://instagram.fogl4-1.fna.fbcdn.net/v/t51.2885-19/440127090_1526047914642786_8811158841099914687_n.jpg?stp=dst-jpg_s150x150&_nc_ht=instagram.fogl4-1.fna.fbcdn.net&_nc_cat=106&_nc_ohc=gLhBg4jbRsoQ7kNvgFjEWXs&edm=AP_V10EBAAAA&ccb=7-5&oh=00_AYAwSro8yHbZ_X8zF4jpmd1AWeYjE3OdH7ls7ubSncI_FQ&oe=66C15747&_nc_sid=2999b8,kalpesh_garela,https://www.instagram.com/p/C9XZdh4IGV_/,'Chest day best day' is mandatory on chest day ,2024-07-14T18:32:53.000Z
17970626792621784,0,https://instagram.fogl4-1.fna.fbcdn.net/v/t51.2885-19/450253771_3666715210264270_1796330171465584632_n.jpg?stp=dst-jpg_s150x150&_nc_ht=instagram.fogl4-1.fna.fbcdn.net&_nc_cat=110&_nc_ohc=0iBW-id7KrAQ7kNvgFmWQD-&edm=AP_V10EBAAAA&ccb=7-5&oh=00_AYCFHFgCnFrb8dRiWi0a0fs6b35XW-mi7LkKEZZ888dIRQ&oe=66C14F99&_nc_sid=2999b8,theyashyaaa,https://www.instagram.com/p/C9XZdh4IGV_/,Chai✅,2024-07-15T07:32:56.000Z
18213844534303427,0,https://instagram.fogl4-1.fna.fbcdn.net/v/t51.2885-19/441130371_756685063240999_2809138974423196358_n.jpg?stp=dst-jpg_s150x150&_nc_ht=instagram.fogl4-1.fna.fbcdn.net&_nc_cat=107&_nc_ohc=RQxcT9HQrS4Q7kNvgF9XlLX&edm=AP_V10EBAAAA&ccb=7-5&oh=00_AYDg-K2me2q85-lUuOvReQ4dMNrjrBVomp3HBU8iB_kviA&oe=66C14A07&_nc_sid=2999b8,abufarhan999,https://www.instagram.com/p/C9XZdh4IGV_/,Bro who is ur editor?,2024-07-15T08:39:41.000Z
18035047019497264,0,https://instagram.fogl4-1.fna.fbcdn.net/v/t51.2885-19/441130371_756685063240999_2809138974423196358_n.jpg?stp=dst-jpg_s150x150&_nc_ht=instagram.fogl4-1.fna.fbcdn.net&_nc_cat=107&_nc_ohc=RQxcT9HQrS4Q7kNvgF9XlLX&edm=AP_V10EBAAAA&ccb=7-5&oh=00_AYDg-K2me2q85-lUuOvReQ4dMNrjrBVomp3HBU8iB_kviA&oe=66C14A07&_nc_sid=2999b8,abufarhan999,https://www.instagram.com/p/C9XZdh4IGV_/,"Ni bhai, ye to bahana h...asal m bhai ko subtitles wala maslaa ni mil rha tha",2024-07-15T08:40:21.000Z
18032591609296301,1,https://instagram.fogl4-1.fna.fbcdn.net/v/t51.2885-19/441130371_756685063240999_2809138974423196358_n.jpg?stp=dst-jpg_s150x150&_nc_ht=instagram.fogl4-1.fna.fbcdn.net&_nc_cat=107&_nc_ohc=RQxcT9HQrS4Q7kNvgF9XlLX&edm=AP_V10EBAAAA&ccb=7-5&oh=00_AYDg-K2me2q85-lUuOvReQ4dMNrjrBVomp3HBU8iB_kviA&oe=66C14A07&_nc_sid=2999b8,abufarhan999,https://www.instagram.com/p/C9XZdh4IGV_/,Exactly! His color grading is so pleasing,2024-07-15T08:40:49.000Z
17922508256828714,0,https://instagram.fogl4-1.fna.fbcdn.net/v/t51.2885-19/436317353_940678711112339_1185761445357788235_n.jpg?stp=dst-jpg_s150x150&_nc_ht=instagram.fogl4-1.fna.fbcdn.net&_nc_cat=111&_nc_ohc=vep5e36PbdcQ7kNvgEz3ggq&edm=AP_V10EBAAAA&ccb=7-5&oh=00_AYA4lCsrbx5_qsoIYsS7prpOelrOFCT2QuM9lBDCzEQQ8Q&oe=66C17135&_nc_sid=2999b8,_areeb__ansari_,https://www.instagram.com/p/C9XZdh4IGV_/,Bhai itni garmi me hoodie,2024-07-15T12:51:00.000Z
18100349965422606,1,https://instagram.fogl4-1.fna.fbcdn.net/v/t51.2885-19/453788834_1051071359193221_8080059804937193097_n.jpg?stp=dst-jpg_s150x150&_nc_ht=instagram.fogl4-1.fna.fbcdn.net&_nc_cat=105&_nc_ohc=4ol2tbY0tg4Q7kNvgE5CpU-&edm=AP_V10EBAAAA&ccb=7-5&oh=00_AYBxqZzMm7z3kZqmYaDtU-j91M1HJfjAWyqsGtb7mscmXA&oe=66C16C33&_nc_sid=2999b8,_man_jeet_kumar_,https://www.instagram.com/p/C9XZdh4IGV_/,Bro's word-- Chest day Best day❤️,2024-07-15T16:25:15.000Z
18000493946447854,0,https://instagram.fogl4-1.fna.fbcdn.net/v/t51.2885-19/424476803_2604717943013001_7295852484149639794_n.jpg?stp=dst-jpg_s150x150&_nc_ht=instagram.fogl4-1.fna.fbcdn.net&_nc_cat=109&_nc_ohc=Q8wLVcyGd_8Q7kNvgG-2_pj&edm=AP_V10EBAAAA&ccb=7-5&oh=00_AYBAPCUobWLoaZgq3YVjijPoH3Rt1Tvf3qGgMh5KtPebkg&oe=66C14FC7&_nc_sid=2999b8,siddharth_daksh_,https://www.instagram.com/p/C9XZdh4IGV_/,❤️❤️,2024-07-15T16:25:38.000Z
18450811135007343,0,https://instagram.fogl4-1.fna.fbcdn.net/v/t51.2885-19/435616955_3034402463369100_4150558371719194424_n.jpg?stp=dst-jpg_s150x150&_nc_ht=instagram.fogl4-1.fna.fbcdn.net&_nc_cat=100&_nc_ohc=yzdi-YN5HG4Q7kNvgHR3txT&edm=AP_V10EBAAAA&ccb=7-5&oh=00_AYDg67mmc0jCTnqxZR3y6F2y8lQc9AnOSlUQsx3JcQRSWQ&oe=66C14CF5&_nc_sid=2999b8,arifulislamrabby6,https://www.instagram.com/p/C9XZdh4IGV_/,"I like you physique so much 
I want to like this
It’s naturally possible.?",2024-07-15T17:02:32.000Z
18005250971345192,0,https://instagram.fogl4-1.fna.fbcdn.net/v/t51.2885-19/450487671_2813670232114274_4332161310368952893_n.jpg?stp=dst-jpg_s150x150&_nc_ht=instagram.fogl4-1.fna.fbcdn.net&_nc_cat=102&_nc_ohc=NIn_CeoOKBEQ7kNvgFefCYc&edm=AP_V10EBAAAA&ccb=7-5&oh=00_AYASkZrJVaXYtGCwz_3E9aHh5Tstj_lyMre2a-NEhlu_hw&oe=66C1742F&_nc_sid=2999b8,aestheticjayyy_,https://www.instagram.com/p/C9XZdh4IGV_/,     _!! ,2024-07-15T17:30:18.000Z
17989482629513625,0,https://instagram.fogl4-1.fna.fbcdn.net/v/t51.2885-19/452165041_1018900919943420_1654661025432576644_n.jpg?stp=dst-jpg_s150x150&_nc_ht=instagram.fogl4-1.fna.fbcdn.net&_nc_cat=100&_nc_ohc=mwAAOAj3auMQ7kNvgGOsFma&edm=AP_V10EBAAAA&ccb=7-5&oh=00_AYCcQnnXMiN7HjzMQvtJLWOBHySrokWT3e78DQ2ogkqZMA&oe=66C176F0&_nc_sid=2999b8,rishi_5_4_6_,https://www.instagram.com/p/C9XZdh4IGV_/,98 days m sirf 4 kg weight gain hua h yeh bht slow nhi h kya ??,2024-07-15T17:54:56.000Z
18026367152238336,0,https://instagram.fogl4-1.fna.fbcdn.net/v/t51.2885-19/420624303_1188626308782861_2285252480062039228_n.jpg?stp=dst-jpg_s150x150&_nc_ht=instagram.fogl4-1.fna.fbcdn.net&_nc_cat=109&_nc_ohc=gUWE4ocgH8MQ7kNvgFLBGD5&edm=AP_V10EBAAAA&ccb=7-5&oh=00_AYCIa2otqfQP8DjhigGY6cO-9ldXvDNgnpQPS7Uz5rxp1g&oe=66C151D1&_nc_sid=2999b8,exploreyourlimitss,https://www.instagram.com/p/C9XZdh4IGV_/,@aman_27080 Dm sir,2024-07-16T03:25:10.000Z
17842432158272157,0,https://instagram.fogl4-1.fna.fbcdn.net/v/t51.2885-19/403828392_995013561568562_5495487449455225355_n.jpg?stp=dst-jpg_s150x150&_nc_ht=instagram.fogl4-1.fna.fbcdn.net&_nc_cat=102&_nc_ohc=jc1HIMYjCGYQ7kNvgEcvpaG&edm=AP_V10EBAAAA&ccb=7-5&oh=00_AYCnKhbwuiCuDEP5GUlcAWNGtZ2vBudFavB1JgXUvk8_Lg&oe=66C1703B&_nc_sid=2999b8,r_a_y_a_n_2_6_4,https://www.instagram.com/p/C9XZdh4IGV_/,Bhai apka time table mujhay bohot pasand  ha,2024-07-16T05:28:13.000Z
18099712615422280,0,https://instagram.fogl4-1.fna.fbcdn.net/v/t51.2885-19/274618181_554624642177589_7129548562954647110_n.jpg?stp=dst-jpg_s150x150&_nc_ht=instagram.fogl4-1.fna.fbcdn.net&_nc_cat=109&_nc_ohc=uUQRTdcwi9MQ7kNvgEs1kCF&edm=AP_V10EBAAAA&ccb=7-5&oh=00_AYDhO3ZstrVl3pHE1doaOZRSnk6PWzGWX5drCuk1tkdiFA&oe=66C1608A&_nc_sid=2999b8,rahmaaaan_.s_,https://www.instagram.com/p/C9XZdh4IGV_/,Bhai tu akele rhta hay kya mummy papa nhi hay tere ? ,2024-07-16T06:16:54.000Z
18065948905599615,0,https://instagram.fogl4-1.fna.fbcdn.net/v/t51.2885-19/454103577_1214556369542444_5447322234373455317_n.jpg?stp=dst-jpg_s150x150&_nc_ht=instagram.fogl4-1.fna.fbcdn.net&_nc_cat=108&_nc_ohc=fpzJLubLFhkQ7kNvgFo9RuC&edm=AP_V10EBAAAA&ccb=7-5&oh=00_AYBp2UpgFWxJsLaIxZY54r9MxsNYHhDmBTY_Wt8m7xFN0A&oe=66C16968&_nc_sid=2999b8,xtiazz.z,https://www.instagram.com/p/C9XZdh4IGV_/,illusion,2024-07-16T06:50:54.000Z
18446050255021552,0,https://instagram.fogl4-1.fna.fbcdn.net/v/t51.2885-19/454750309_1565020084430831_1861409912985765754_n.jpg?stp=dst-jpg_s150x150&_nc_ht=instagram.fogl4-1.fna.fbcdn.net&_nc_cat=111&_nc_ohc=O8MEzHYEFckQ7kNvgEtI8Gv&edm=AP_V10EBAAAA&ccb=7-5&oh=00_AYDFyPVHJ9IqtjxOznIA0ZJi5p25LtoDruVlVPn-HLzWiQ&oe=66C1607F&_nc_sid=2999b8,aayush_shinde_x17,https://www.instagram.com/p/C9XZdh4IGV_/,Bhai meine sunaa aapki gf hain toh aap unse kabb baat karte ho?,2024-07-16T10:58:51.000Z
18019067672134925,0,https://instagram.fogl4-1.fna.fbcdn.net/v/t51.2885-19/452671055_417205024013424_2692151959611870636_n.jpg?stp=dst-jpg_s150x150&_nc_ht=instagram.fogl4-1.fna.fbcdn.net&_nc_cat=100&_nc_ohc=QKEeuvrejfYQ7kNvgH9gsRX&edm=AP_V10EBAAAA&ccb=7-5&oh=00_AYBRu12BKOqnOS_3GEiDItLM9W9PSQQwbW4cQlJGY8hT9w&oe=66C159CE&_nc_sid=2999b8,mune.eb1912,https://www.instagram.com/p/C9XZdh4IGV_/,Mass monster,2024-07-16T11:35:26.000Z
18036858652994007,0,https://instagram.fogl4-1.fna.fbcdn.net/v/t51.2885-19/449879573_3485074218305433_3286877975179033483_n.jpg?stp=dst-jpg_s150x150&_nc_ht=instagram.fogl4-1.fna.fbcdn.net&_nc_cat=109&_nc_ohc=ZcnjlhsFKocQ7kNvgGG2gnS&edm=AP_V10EBAAAA&ccb=7-5&oh=00_AYDVXsx2xfWRIbNeA1xkhx87Cal1dBGwoKLzsF2Df4YYPg&oe=66C15199&_nc_sid=2999b8,wx_alone_boy_0x,https://www.instagram.com/p/C9XZdh4IGV_/,Bhai apke Gym ke fees kya hai please reply my comment ,2024-07-16T11:53:01.000Z
18321664948177321,1,https://instagram.fpei2-2.fna.fbcdn.net/v/t51.2885-19/44884218_345707102882519_2446069589734326272_n.jpg?_nc_ht=instagram.fpei2-2.fna.fbcdn.net&_nc_cat=1&_nc_ohc=VEonLlax_vYQ7kNvgGs8y4k&edm=AAAAAAABAAAA&ccb=7-5&ig_cache_key=YW5vbnltb3VzX3Byb2ZpbGVfcGlj.2-ccb7-5&oh=00_AYBvB9BuOb72TI_1aZ68lwgsm3qDKLuIPFV9oqlqDNIViA&oe=66C1590F&_nc_sid=328259,mma_sartaj_khan,https://www.instagram.com/p/C9XZdh4IGV_/,Bro where do you live?,2024-07-16T20:14:46.000Z
18040097239799341,0,https://instagram.fpei2-2.fna.fbcdn.net/v/t51.2885-19/44884218_345707102882519_2446069589734326272_n.jpg?_nc_ht=instagram.fpei2-2.fna.fbcdn.net&_nc_cat=1&_nc_ohc=VEonLlax_vYQ7kNvgGs8y4k&edm=AAAAAAABAAAA&ccb=7-5&ig_cache_key=YW5vbnltb3VzX3Byb2ZpbGVfcGlj.2-ccb7-5&oh=00_AYBvB9BuOb72TI_1aZ68lwgsm3qDKLuIPFV9oqlqDNIViA&oe=66C1590F&_nc_sid=328259,ranjan_kanishk,https://www.instagram.com/p/C9XZdh4IGV_/,Bro how do you breathing while reaching failure?,2024-07-17T02:57:52.000Z
18020159033109276,0,https://instagram.fogl4-1.fna.fbcdn.net/v/t51.2885-19/451343914_847554906927081_7766400496947526182_n.jpg?stp=dst-jpg_s150x150&_nc_ht=instagram.fogl4-1.fna.fbcdn.net&_nc_cat=109&_nc_ohc=5HBwNsxhYVAQ7kNvgEWBn0O&edm=AP_V10EBAAAA&ccb=7-5&oh=00_AYCa1d5YYPk3We6bvnez678umnGv2p4359fQCa9unea5nw&oe=66C14B11&_nc_sid=2999b8,chai_journey_,https://www.instagram.com/p/C9XZdh4IGV_/,Rich ho to sab respect karte h,2024-07-17T22:54:53.000Z
18078680503502182,0,https://instagram.fogl4-1.fna.fbcdn.net/v/t51.2885-19/451198642_875941187895997_8744533662825885017_n.jpg?stp=dst-jpg_s150x150&_nc_ht=instagram.fogl4-1.fna.fbcdn.net&_nc_cat=101&_nc_ohc=kKq1v_4dExIQ7kNvgFCSK9X&edm=AP_V10EBAAAA&ccb=7-5&oh=00_AYDBIXKkrX05ZATFTb5tbjNz1S_nyDKn0qm8FFjrcipAvw&oe=66C15485&_nc_sid=2999b8,10.manuuuu__,https://www.instagram.com/p/C9XZdh4IGV_/,Bro Tan bhot ho chuka hai,2024-07-18T13:08:30.000Z
18077392513501729,0,https://instagram.fogl4-1.fna.fbcdn.net/v/t51.2885-19/297336500_886727955631795_6337562351329024985_n.jpg?stp=dst-jpg_s150x150&_nc_ht=instagram.fogl4-1.fna.fbcdn.net&_nc_cat=107&_nc_ohc=suTpQ65NWRUQ7kNvgEuDL1K&edm=AP_V10EBAAAA&ccb=7-5&oh=00_AYDvLRjnapCWiJuKOnlLnOmk4Jka4v-r_kDy0OOOBDl8xg&oe=66C175F4&_nc_sid=2999b8,vaidik_rajsingh,https://www.instagram.com/p/C9XZdh4IGV_/,Bhaiya itni acchi fitness hai to JAPAN Kyu jana hai aapko Aap ko army join karni chahiye,2024-07-19T09:30:12.000Z
18020152220345177,0,https://instagram.fogl4-1.fna.fbcdn.net/v/t51.2885-19/449845882_307499172456350_8847705177345312137_n.jpg?stp=dst-jpg_s150x150&_nc_ht=instagram.fogl4-1.fna.fbcdn.net&_nc_cat=102&_nc_ohc=Z7gLpwGO28UQ7kNvgHld8w2&edm=AP_V10EBAAAA&ccb=7-5&oh=00_AYDJfWsoroyr1MJQVEoYqBGXj2dd42_9OwQkubAwvfFe1g&oe=66C164B7&_nc_sid=2999b8,yuvraj89_yuvi,https://www.instagram.com/p/C9XZdh4IGV_/,W,2024-07-19T13:02:56.000Z
18024873554469241,0,https://instagram.fogl4-1.fna.fbcdn.net/v/t51.2885-19/449845882_307499172456350_8847705177345312137_n.jpg?stp=dst-jpg_s150x150&_nc_ht=instagram.fogl4-1.fna.fbcdn.net&_nc_cat=102&_nc_ohc=Z7gLpwGO28UQ7kNvgHld8w2&edm=AP_V10EBAAAA&ccb=7-5&oh=00_AYDJfWsoroyr1MJQVEoYqBGXj2dd42_9OwQkubAwvfFe1g&oe=66C164B7&_nc_sid=2999b8,yuvraj89_yuvi,https://www.instagram.com/p/C9XZdh4IGV_/,Where is aaryan ,2024-07-19T13:03:43.000Z
18014827013412071,0,https://instagram.fogl4-1.fna.fbcdn.net/v/t51.2885-19/453700557_506917695085812_5551520421416497114_n.jpg?stp=dst-jpg_s150x150&_nc_ht=instagram.fogl4-1.fna.fbcdn.net&_nc_cat=100&_nc_ohc=OYquj4M8QyIQ7kNvgFTqnCB&edm=AP_V10EBAAAA&ccb=7-5&oh=00_AYBMVsud6kl6BszkZYObMqnkRPTdvKdY3DzdQZPa29OkXw&oe=66C1497A&_nc_sid=2999b8,yk.aarav,https://www.instagram.com/p/C9XZdh4IGV_/,1 bullet ,2024-07-19T13:14:56.000Z
17961481661657808,0,https://instagram.fogl4-1.fna.fbcdn.net/v/t51.2885-19/451217928_1024885745976137_4070271036894099431_n.jpg?stp=dst-jpg_s150x150&_nc_ht=instagram.fogl4-1.fna.fbcdn.net&_nc_cat=105&_nc_ohc=d5cK45edThcQ7kNvgGMtV12&edm=AP_V10EBAAAA&ccb=7-5&oh=00_AYCLDN1GvNrB2fPB1gtoDCETBWhmbgx3ltLw_NXFto6ThA&oe=66C14687&_nc_sid=2999b8,keith_robin123k,https://www.instagram.com/p/C9XZdh4IGV_/,Bhai you sure this is your bulk⁉️⁉️,2024-07-20T05:53:35.000Z
17942416316745858,0,https://instagram.fogl4-1.fna.fbcdn.net/v/t51.2885-19/449525007_728444795980833_1236425976833241176_n.jpg?stp=dst-jpg_s150x150&_nc_ht=instagram.fogl4-1.fna.fbcdn.net&_nc_cat=109&_nc_ohc=jHaHjgblCF8Q7kNvgEPI_6P&edm=AP_V10EBAAAA&ccb=7-5&oh=00_AYCzlJ-uN54Dje6AdAlMuIVMZqkoVvj40b3NuyZnGc0_CQ&oe=66C15769&_nc_sid=2999b8,titan_sirius03,https://www.instagram.com/p/C9XZdh4IGV_/,Wanna be better than him ,2024-07-20T22:47:40.000Z
17992629839674838,0,https://instagram.fogl4-1.fna.fbcdn.net/v/t51.2885-19/449436215_492224513469697_3681962605607218302_n.jpg?stp=dst-jpg_s150x150&_nc_ht=instagram.fogl4-1.fna.fbcdn.net&_nc_cat=101&_nc_ohc=QkC16IVsn0MQ7kNvgFda6uw&edm=AP_V10EBAAAA&ccb=7-5&oh=00_AYDuTmbPDk172wWY7eRK8AKXVIbCje6PDyNakXRtGvf_Lw&oe=66C1460C&_nc_sid=2999b8,shreyas.__.11,https://www.instagram.com/p/C9XZdh4IGV_/,Only 2 exercises for chest and 2 exercises for shoulder ,2024-07-21T07:39:14.000Z
18083312158491306,0,https://instagram.fogl4-1.fna.fbcdn.net/v/t51.2885-19/448943663_391619543347774_2955879841237462732_n.jpg?stp=dst-jpg_s150x150&_nc_ht=instagram.fogl4-1.fna.fbcdn.net&_nc_cat=110&_nc_ohc=3-5ouNF3g7AQ7kNvgHtc2lS&edm=AP_V10EBAAAA&ccb=7-5&oh=00_AYDyzti0TsUaPVzl3-MOu_KLyu0YAOPtYwLeLncW_rNLcw&oe=66C163E9&_nc_sid=2999b8,sun7heshine_rohit_,https://www.instagram.com/p/C9XZdh4IGV_/,Not for middle class boys...,2024-07-21T08:09:38.000Z
18323625685181220,0,https://instagram.fogl4-1.fna.fbcdn.net/v/t51.2885-19/448366118_787158456875331_7644602499725525657_n.jpg?stp=dst-jpg_s150x150&_nc_ht=instagram.fogl4-1.fna.fbcdn.net&_nc_cat=103&_nc_ohc=kqEbEgGds7gQ7kNvgFFdc6c&edm=AP_V10EBAAAA&ccb=7-5&oh=00_AYCUKSlvj2ZKcuuIdBrDPf-tJEHk-JGAxh8czOoNYRMItA&oe=66C15D53&_nc_sid=2999b8,chitraksh.hx,https://www.instagram.com/p/C9XZdh4IGV_/,Same body weight bro ,2024-07-22T16:31:37.000Z
18324306826182754,0,https://instagram.fogl4-1.fna.fbcdn.net/v/t51.2885-19/455249639_1414241779128912_382699874908555732_n.jpg?stp=dst-jpg_s150x150&_nc_ht=instagram.fogl4-1.fna.fbcdn.net&_nc_cat=100&_nc_ohc=KSUHXP8tDBkQ7kNvgHbaYhV&edm=AP_V10EBAAAA&ccb=7-5&oh=00_AYDxhcOLB9yjwQQt0UwreAZSuX7rzZVbcb4eV7lGvlUeNQ&oe=66C165B0&_nc_sid=2999b8,uknow_rehan,https://www.instagram.com/p/C9XZdh4IGV_/,Bhai apki height kitni h ?,2024-07-22T17:31:25.000Z
18449569882036599,0,https://instagram.fogl4-1.fna.fbcdn.net/v/t51.2885-19/446216075_420711077539942_6286319628763610857_n.jpg?stp=dst-jpg_s150x150&_nc_ht=instagram.fogl4-1.fna.fbcdn.net&_nc_cat=110&_nc_ohc=V_jIuuBY88sQ7kNvgGgByZT&edm=AP_V10EBAAAA&ccb=7-5&oh=00_AYDXwSdV0b_MAIDOAzx0nIg01sGJCTDQWT4EQhfuQ-cDuA&oe=66C1767E&_nc_sid=2999b8,5993_ritik,https://www.instagram.com/p/C9XZdh4IGV_/,Bhai kisne bola tumko ki N1 Japan ka sabse muskil exam hai ,2024-07-22T18:35:24.000Z
18016229954210488,0,https://instagram.fpei2-2.fna.fbcdn.net/v/t51.2885-19/44884218_345707102882519_2446069589734326272_n.jpg?_nc_ht=instagram.fpei2-2.fna.fbcdn.net&_nc_cat=1&_nc_ohc=VEonLlax_vYQ7kNvgGs8y4k&edm=AAAAAAABAAAA&ccb=7-5&ig_cache_key=YW5vbnltb3VzX3Byb2ZpbGVfcGlj.2-ccb7-5&oh=00_AYBvB9BuOb72TI_1aZ68lwgsm3qDKLuIPFV9oqlqDNIViA&oe=66C1590F&_nc_sid=328259,rudrabot007,https://www.instagram.com/p/C9XZdh4IGV_/,Bro you are real life Baki hanma,2024-07-24T18:02:11.000Z
18086300578472711,0,https://instagram.fogl4-1.fna.fbcdn.net/v/t51.2885-19/450081751_990951519375772_6928801135018839503_n.jpg?stp=dst-jpg_s150x150&_nc_ht=instagram.fogl4-1.fna.fbcdn.net&_nc_cat=104&_nc_ohc=ItNGLpgdhnAQ7kNvgF1QIiH&edm=AP_V10EBAAAA&ccb=7-5&oh=00_AYBtGEN6USzTUeji295d1U7t8ZIA1Z3DlorSXDVPGL6Hxg&oe=66C1618A&_nc_sid=2999b8,amirartslover2023,https://www.instagram.com/p/C9XZdh4IGV_/,bro your height,2024-07-24T18:13:16.000Z
17877292149056523,0,https://instagram.fogl4-1.fna.fbcdn.net/v/t51.2885-19/455130044_807985874511375_1910798488778549479_n.jpg?stp=dst-jpg_s150x150&_nc_ht=instagram.fogl4-1.fna.fbcdn.net&_nc_cat=103&_nc_ohc=1u4CV912OngQ7kNvgEzbGW3&edm=AP_V10EBAAAA&ccb=7-5&oh=00_AYDvBBS1d4mCfF_K72WwXizvAsufaO0vhVq7gFs9XWaKXQ&oe=66C15F74&_nc_sid=2999b8,surxx.k,https://www.instagram.com/p/C9XZdh4IGV_/,Ur height??,2024-07-25T09:58:30.000Z
17941457414752222,0,https://instagram.fpei2-2.fna.fbcdn.net/v/t51.2885-19/44884218_345707102882519_2446069589734326272_n.jpg?_nc_ht=instagram.fpei2-2.fna.fbcdn.net&_nc_cat=1&_nc_ohc=VEonLlax_vYQ7kNvgGs8y4k&edm=AAAAAAABAAAA&ccb=7-5&ig_cache_key=YW5vbnltb3VzX3Byb2ZpbGVfcGlj.2-ccb7-5&oh=00_AYBvB9BuOb72TI_1aZ68lwgsm3qDKLuIPFV9oqlqDNIViA&oe=66C1590F&_nc_sid=328259,mauryavanshi_____________,https://www.instagram.com/p/C9XZdh4IGV_/,,2024-07-25T14:08:38.000Z
18329869714130583,0,https://instagram.fogl4-1.fna.fbcdn.net/v/t51.2885-19/455610795_400982173095913_8177750979082952891_n.jpg?stp=dst-jpg_s150x150&_nc_ht=instagram.fogl4-1.fna.fbcdn.net&_nc_cat=101&_nc_ohc=QdxvPAWAYt0Q7kNvgFzmAxl&edm=AP_V10EBAAAA&ccb=7-5&oh=00_AYCecRuQUq82tyPzcTouiBYZpbMckKiP9hb0Tv8FRI0E1w&oe=66C153E9&_nc_sid=2999b8,roshan.k.gupta,https://www.instagram.com/p/C9XZdh4IGV_/,,2024-07-25T14:49:53.000Z
18063793900588187,0,https://instagram.fogl4-1.fna.fbcdn.net/v/t51.2885-19/455123133_1091038015881113_7058333076730062880_n.jpg?stp=dst-jpg_s150x150&_nc_ht=instagram.fogl4-1.fna.fbcdn.net&_nc_cat=105&_nc_ohc=QkeE4d0LUb4Q7kNvgHmnTYy&edm=AP_V10EBAAAA&ccb=7-5&oh=00_AYB64xKlIJf0HYyBfhD31areNIAGYWDeMBuKE4MfWDDuIQ&oe=66C1582A&_nc_sid=2999b8,itachi_uchiha_077_,https://www.instagram.com/p/C9XZdh4IGV_/,Bhai lower body pa bhi dyan do,2024-07-25T17:18:23.000Z
18036959699017439,0,https://instagram.fogl4-1.fna.fbcdn.net/v/t51.2885-19/432803578_931057808325014_7052000532019311681_n.jpg?stp=dst-jpg_s150x150&_nc_ht=instagram.fogl4-1.fna.fbcdn.net&_nc_cat=102&_nc_ohc=g5GPPWgtGmQQ7kNvgEtr2p-&edm=AP_V10EBAAAA&ccb=7-5&oh=00_AYDyp14ihWqXgLXHe3UPeDmws1doMV3euxkLuzau0D8WfQ&oe=66C16A44&_nc_sid=2999b8,fkthdudhal,https://www.instagram.com/p/C9XZdh4IGV_/,तुझ्यात आणि माझ्यात एकच गोष्ट same आहे cup भरून  चाय ❤️,2024-08-09T16:08:55.000Z
