caption,hashtags/0,hashtags/1
"The fourth Announcement 

Have a look at Muscle Blaze's unbeatable Offers.

#MuscleBlaze #NutritionBar",MuscleBlaze,NutritionBar
"The third announcement 

Buy MB 11Years 1.5Litre Water Gallon at just 299/- worth 949/- .

Chin Tapak Dum Dum 

#MuscleBlaze #WaterGallon1.5L #NutritionBar",MuscleBlaze,WaterGallon1.5L
"RAW 
.
.
.
.
#gym #gymmotivation #gymlife #bodybuilding #aesthetic #trending #explore #natty #motivation #workout #protein #muscle #bodytransformation #reels #portrait #post #gymrat #gymlife #follow #instagram #work #goodvibes #photooftheday #muscleblaze",gym,gymmotivation
"#legday#pump#muscleblaze 

Done with heavy leg workout",legday,pump
". 
#fitness 
#muscleblaze",fitness,muscleblaze
"After the killing. Nothing going as my thought.
#gym #abs #muscleblaze  #mirrorpic  #workout 
#beamanofyourword #stayhealthyandfit",gym,abs
"THE BODY ACHIEVES WHAT THE MIND
BELIEVES ...
.
.
.
. Ft :- @rohit.rakte 
.
.
.
.
. #gym #motivation #viralvideos #body #viralpost #theroopsingh #theroopfamm #muscleblaze #avatar ✨",gym,motivation
"#SpecialOffer

Anything you buy get 1 gift from our store 

#ImportedGymSupplement USA  Uk  brand 
#dietnepal Optimumnutrition & BSN  #proteinhousenepal Scitecnutrition #muscletech #labrada #Scitron
Indian brand  #Muscleblaze 
#AlsoAvailable
Men/Women gym Dress
#gymaccesories - gloves,belt,bags,shaker,water bottle,wristband 
All Nepal  delivery 
Store located at Biratchok Morang Nepal",SpecialOffer,ImportedGymSupplement
".
.
.
.
.
.
#sponsor #muscleblaze #asitis #gnc #gym #workout #fitness #fit #delhi",sponsor,muscleblaze
"Age Doesn't matter when dedication is on peak 
Just 60 years old 
Just tried all new muscle blaze wrathx
@muscleblaze 
#muscleblaze #agedworkout #workout",muscleblaze,agedworkout
"Independence  Day OFFERS 

14 Aug - 16 Aug 
Only 
Do fast Grab the deal 
#MuscleBlaze
#gymaddict #supplements #nutritionist #avvatarindia",MuscleBlaze,gymaddict
"Congratulations, Rahul Das, on achieving the MuscleBlaze Supplement Expert Certification (Level 1) with a Gold Badge! 

Great to have you in our R1 Fitness Club Team!

#MuscleBlaze #SupplementExpert #GoldBadge #Certification #Fitness #Health #Wellness #Dedication #Achievement #ProudMoment",MuscleBlaze,SupplementExpert
"Exciting news, Daltonganj fitness enthusiasts! ️‍♂️

MuscleBlaze supplements are now available at Aman Bhandar with up to 40% off! Plus, enjoy free home delivery. Order now via WhatsApp at 8340488494 or visit us near Hanuman Mandir in Main Market. Take your fitness journey to the next level! #muscleblaze #fitnessmotivation #Amanbhandhar  #getfit",muscleblaze,fitnessmotivation
"#muscleblaze #biozymemultivitamin available at unbelievable price .
Avenue Nutrition: Your one-stop destination for all Indian and Imported Supplements

Explore our collection of 100% genuine supplements.

Deals in Protien | Gainers | Aminos | Multivitamins | Omega Oil | Fat Burners | Glutamine | Creatine | Pre-workout
Boosters | L Arginine | CLA | Protien Bars | Peanut Butter | L Carnitine and more.

 For Enquiries and Orders, Call/WhatsApp at +91 95014 33934

 Visit Us: Avenue Nutrition
SCO 33, Sector 32, Chandigarh Rd, near ICICI Bank, Sector 32A, Ludhiana, Punjab 141010
.
.
.
.
.
.
.
.
#AvenueNutrition #FitnessJourney #Supplements #Ludhiana #FitnessGoals #FitnessGoals #WorkoutMotivation #FitLife #GymLife #Nutrition #Bodybuilding #StrengthTraining #HealthAndFitness #ExerciseRoutine #MuscleBuilding #FitnessInspiration #SupplementShop #TrainHard #FitnessAddict #BodyTransformation #AuthorisedDealer #GenuineProducts #GenuineSupplements #TrustedSupplementSeller #LudhianaCity #ludhianadiaries",muscleblaze,biozymemultivitamin
"Hehehehehhehehehehehheheheeh .....

.
.
.
.
.
#fyp #fypシ #gymmotivation #gym #gymrat #fitness #explore #explorepage #muscleblaze #reels #réel #reelsinstagram #instagood #insta #instagram #motivation #motivational",fyp,fypシ
"Only competing against myself. ⚡
.

.

.

.

.

.

.

.

.

.

.
#fitness #gym #workout #fitnessmotivation #fit #motivation #training #health #bodybuilding #healthylifestyle #lifestyle #gymlife #gymmotivation #sport #healthy #muscle #exercise #fitnessjourney #wellness #nutrition #strength#gains #instagram #instagood

#muscleblaze .",fitness,gym
"Enjoy the process 
Bw.90kg 
4 week out ✨️
#bodybuilding #bodybuilder #fitness #model #gym #gymrat #instagram #instaphoto #photooftheday #arnold #arnoldpose #bicepsflex #arm #arnoldschwarzenegger #musclemenia #olympia #sheruclassic #mrindia #mrasia #mrworld #hapur #muscleblaze #ssfitnesspoint #mensphysique #Fitnessfreak #trending",bodybuilding,bodybuilder
"Suppliments Lelo guys... 
.
.
#supplements #funny #fun #photoshoot #photo #muscleblaze #fyp #explore #foryoupage #instagood #Old",supplements,funny
"High on Whey Protein: MuscleTech Nitro-Tech provides you with lean muscle building 24g of premium whey protein, primarily from whey protein peptides and whey protein isolate
Miscibility & Digestibility: Nitro Tech contains proteins that go through a multi-phase filtration process to give you pure protein isolate that mix easily with water and get absorbed faster into your body.

#nitrotech#muscleblaze#muscle#musclebuilding#masstech.

Shop at @livewellnutrition_center",nitrotech,muscleblaze
"PERCEPTA BEEF MASS GAINER ❤️‍ IMPORTED FROM GERMANY 
BUY NOW @ BEST PRICE .. DM FOR.THE PRICE

#gymaddict #gymlover #trending #gymlifestyle #wellcore #keralabodybuilding_ #keralafitness #muscleblaze",gymaddict,gymlover
".
.
.
.
#fitness #fitnessmotivation #gymnastics #gymmotivation #wellcorecreatine #muscleblaze #fitnessmodel #fitnesslifestyle #bestrong",fitness,fitnessmotivation
"On the mission to have a best blood line 
.
.
.
.
#mb #muscleblaze #gym #athlete #health",mb,muscleblaze
"STOCK AVAILABLE!!! Order now 
Price Lower than Amazon / Official Website

*MB Biozyme Performance Whey : 1kg / 2kg
*MB Biozyme Iso-Zero (isolate): 1kg / 2kg
*Creatine Monohydrate(citrus blast): 250gm
*BCAA pro(water melon): 250gm
*Protein peanut butter(dark choco crunch): 1kg
*MB Vite (multivitamin) : 30 tabs bottle

To order Contact: 9638823026 / 93131 39604
Or DM us

#muscleblaze #dealer #protein #supplements #nutrition #gym #vitamins #bodybuilding #fitness #fattofit #getfit",muscleblaze,dealer
Just Accept The Pain…❤️ #gym #workout #fitnessmotivation #makethemregret #muscleblaze #workhard,gym,workout
"Dreams can only be fulfilled when you know how to dream, same is progress it can only be achieved when you know how to be consistent… #gymrat #gymmotivation #muscleblaze #my_kingdom",gymrat,gymmotivation
#fitnesslife#workoutmotivation#healthylifestyle#work#vibe#muscleblaze#projectrock#gnc#wheyprotein#trending#workout#diet,fitnesslife,workoutmotivation
"Save this Post
.
.
.
Follow for more- @body.fuel.nutrition
.
.
.
#gymlife #workout #bodybuilding #gym #powerlifting #fitnessaddict #creatine #creatinemonohydrate #calisthenics #wheyprotein #protein #muscles #delhi #rohini #uttarpradesh #haryana #punjab #wellcore #ronniecoleman #fruits #kiwi #onelife #deadlift #age #proteinshake #multivitamins #apple #muscleblaze #collagen #carbs",gymlife,workout
"..
.
.
.
.
#fitness #fitnesszone #fitnesslife #fitnessmotivation #wellcorecreatine #muscleblaze #hardwork #fitnessmodel #fitnesfreak #backworkout #bestrong",fitness,fitnesszone
"Muscleblaze 
Wrathx pre

#muscleblaze #wrathx #wrathxpump #pre#preworkout #energydrink #energydiet #diet#power#powerdrink #powerlifter #instafit #instagram#post#like#fitfam#fitnessdiet #fitnessaddict #fitnnesmodel #supplements #nutrition #workout#trending #like4likes #newashoknagar #mayurvihar",muscleblaze,wrathx
"I don't just want to win, I want to dominate 100%
With aggregation 
#muscleblaze #wellcore #gymathlete #myself",muscleblaze,wellcore
"God’s plan ️ 

#gym #gymmotivation #gymfit #fashionlifestyle #fashionblogger #muscleblaze #fuaark",gym,gymmotivation
"Unleash your inner beast with MuscleBlaze WRATHX Pre-Workout! 

 Get ready to conquer every workout with the explosive energy of Fruit Fury flavor. 

Available exclusively at Nilson Pharmacies in Nairobi.

 Call 0737600380 to grab yours now!  

#NilsonPharmacy #MuscleBlaze #PreWorkout #FitnessFuel #UnleashTheBeast",NilsonPharmacy,MuscleBlaze
"Your only limit is you...
Same mirror.... 
Different personalities.....

#gym #like #fit #fitness #fitnessmotivation #fitindia #strong #strength #transformation #shredded #muscle #muscleblaze",gym,like
"Hustle for every muscle ❣️
Keep going, keep pushing ⏩

#motivationcomesfromwithin #workout #workhard #hustle #everyday #keepmotivating #gymmotivation #loveyourself #musclebuilding #muscleblaze #wellcore #wellcorecreatine #avvatarindia #avvatarwheyprotein #keepgoing #keepsupporting #keepsmiling #keeploving #keeppushing",motivationcomesfromwithin,workout
">> "" Believe in yourself and you will be unstoppable.”
.
.
. Just need a haircut:)
.
.
#gym #gymmotivation #gymrat #instagood #instacool #instadaily #instalike #instamood #instagram #likesforlike #gnc #gnclivewell #muscleblaze #muscleblazeindia #bigmuscles #ignite #creatine",gym,gymmotivation
"**Giveaway Winner Announcement!** 

Thank you to everyone who participated in our MuscleBlaze 250g Creatine giveaway! We were blown away by the enthusiasm and support from all of you. 

And now, the moment we’ve all been waiting for... The winner is:

 ** @_snehhaaxoxo_ **

Congratulations! You’ve just won a 250g pack of MuscleBlaze Creatine to fuel your fitness journey! 

Please DM us within 24 hours to claim your prize. 

Stay tuned for more exciting giveaways and fitness content coming your way! Thanks again to everyone who entered—you’re all winners in our book! 

#GiveawayWinner #MuscleBlaze #FitnessJourney #Creatine #FitnessGiveaway #WinnerAnnouncement",GiveawayWinner,MuscleBlaze
"♥️️‍♂️
  : #
For More Information ℹ️ 
Call us ☎️ 
WhatsApp  
In very satisfactory prices 
      

Available Brand : #scitecnutrition #muscletech #labrada #muscleblaze #scitronnutrition #optimumnutrition #bpi #onenutrition 
#gymlover #offerprice #dmfororders #gymsupplements #MassgainerSupplement #preworkout #creatinemonohydrate #fishoil 
#multivitamins 
#limitedStock",,scitecnutrition
"Round 2 
.
.
.
.
.
.
#gympost #hanumankind #gymrat #fitnessmotivation #muscle #muscleblaze #instagood #post #likes #fyp #trending #followforfollowback #support",gympost,hanumankind
"Do you agree on the quote : ""Hard work beats talent when talent doesn't work hard.""
#fitness #fitnessmotivation #muscleblaze",fitness,fitnessmotivation
#muscleblaze,muscleblaze,
"Pole Multivitamin | 120 Tablets | Contains Digestive Enzymes 
Price- 800rs

Buy Real, Be Real

#gymlife #workout #bodybuilding #fyp #powerlifting #explorepage #creatine #creatinemonohydrate #calisthenics #wheyprotein #protein #muscles #delhi #rohini #uttarpradesh #haryana #punjab #wellcore #ronniecoleman #reels #sahilkhan #fypシ #deadlift #preworkout #proteinshake #multivitamins #massgainer #muscleblaze #optimumnutrition #pole",gymlife,workout
"Natty or not ‼️

""Putting in extra effort and determination to accomplish goals that may seem daunting at first""

@ttfitnessgoa
#gymexplore #fitness #bodytransformation #natural #biceps #vaccumpose #fypシ#avvatar #trasformation#muscleblaze #instagram#fitfam #moreviews#viralpost #fypppppppppppppppppppppppppppppppppppppppppppppppppppppppppppppppppppppp",gymexplore,fitness
"MuscleBlaze High Protein Oats 1kg available

Hurry up❗❗❗❗❗

DELIVERY AVAILABLE ALL OVER INDIA 

CASH ON DELIVERY AVAILABLE

 @proteinhubnutrition
.
For enquiries - DM or contact - 7878139871, 
.
Kota -
Address- 686/1, Shastri Nagar opp. Central Academy School, Dadabadi, Kota - 324009 (Raj)
Contact - 
7878139871
.
#proteinhubkota #supplement #protein #wheyprotein #isolateprotein #gainer #bcaa #multivitamins #omega #creatine #lcarnitine #arginine #preworkout #ultimatenutrition #muscleblaze #ronniecoleman #divinenutrition #muscletech #myprotein #myfitness 

Kota - 7878139871, 8114467173
Pune - 8209435242",proteinhubkota,supplement
"Build up
#gymrat 
#anytakers 
#fitnessfreak
#gnc 
#muscleblaze",gymrat,anytakers
"No caption needed!!!

PC- @siddiquetalha414 

#shoottime #crossthelimit #thrive #lifeisgood #lifeisbeautiful #fitnesslifestyle #style #fitnessmodel #fitnessgoals #fitfam #photoshoot #picoftheday #shot #fire #pump #jacked #natty #aesthetics #mondayblues #rain #heat #superdry #rippedupnutrition #muscleblaze #delts #mensphysique #physique #chiyanvikram #john #thalaiva",shoottime,crossthelimit
"#bigmusclesnutrition 
#muscleblaze 
#gnc 
#avatarnutrition 
#bodybuilding 
#peace 
#trending 
#socialmediamarketing 
#instagood 
#fitnessmotivation 
#goodvibes 
#world 
#healthfarmnutrition",bigmusclesnutrition,muscleblaze
"“Strength is the product of struggle, you must do what others don’t to achieve what others won’t.” ❤️‍

.
.
.
.
.
.
#gymmotivation #gym #gymlife #gymrat #gymgirl #gymlifestyle #gymaddict #gymlover #gymmemes #muscleblazeindia #gymgirls #gymworkout #gymflow #gymfreak #gymselfie #gymvideos #gymtips #gymworkouts #gyminspiration #gymreels #gymgoals #muscleblaze #gymnastics #muscleblaze #transformation #transformacion",gymmotivation,gym
"Veins speak louder than words. @fitladka_ @fuaarkofficial 
.
.
.
#gymrat #gymlifestyle #fuaarkfam #fuaark #fuaarkofficial #fitladka #fitness #fitnesslife #fitnessmotivation #fitnessmodel #aesthetic #aestheticmodel #muscleblaze #nutrabay #sciton #wellcore #gnc #asitisnutrition #asitis #bodybuilding #transformation #viral #trending #instagram",gymrat,gymlifestyle
"Went from mom's little boy, to mom's biggest disappointment. 
.
.
.
.
#gym #gymrat #back #shredded #cut #muscle #gymmotivation #gymshark #sad #life #photo #dark #instagram #instagood #discipline #trendingreels #fypシ #explore #gnc #muscleblaze",gym,gymrat
"From potential to reality, making it happen
.
.
:- @_acronym_dk_ 
.
.
#fitness #fitnessmotivation #workout #gym #fitnessvideos #bodybuilding #fitnessjourney #motivation #workoutvideos #gymtips #fitnessgoals #fit #fitnessaddict #workoutmotivation #homeworkout #workoutvideo #personaltrainer #fitnessmodel #gymlife #fitfam #workoutdone #fitnessgirl #gymmotivation #backworkout #fitnesslifestyle #workoutday #fitnesstraining #muscleblaze",fitness,fitnessmotivation
